0000,8KQMKdqh
0001,HEIziUVX
0002,iIZ9WRaL
0003,Dgmd93Q7
0004,1G4EbBrN
0005,eQxE3uIP
0006,bVKOYdqi
0007,xVD01ElH
0008,nN1jY6MQ
0009,sQ9Tcv5s
0010,dJXmDW13
0011,LK3sW6w6
0012,lEpc7i5V
0013,LeNl6ftB
0014,0RLRNpmh
0015,s4SCpZxG
0016,bs8f7W1f
0017,49GObvGR
0018,QAb7tYdK
0019,EhSuAfA1
0020,NolgamfI
0021,FemthIyd
0022,W2o1QWvN
0023,LCHJPYJD
0024,XY5dMDpI
0025,zSvPUitl
0026,UTLv4O08
0027,XHpbQGND
0028,lnYj76YW
0029,egUXV1fB
0030,DX2THYXl
0031,Ox8wsy7u
0032,dsJgKAMf
0033,mUofvtmj
0034,6zQAt6GG
0035,G0FVVCH1
0036,TZStaLjd
0037,9ShlYGLp
0038,2dmjGJzw
0039,fTUchYOl
0040,AFN0EMOj
0041,lzoOOiQ9
0042,g7xhsimp
0043,4bbxfn4k
0044,bF1cz0sA
0045,dWNDFAKO
0046,LDUNuU90
0047,mV9R19PG
0048,FLMjji5X
0049,wcPWS1tx
0050,BtrFCjMv
0051,RrndwzEb
0052,JLZSyItA
0053,04VbPu7K
0054,fPFFGsRf
0055,SCYXKF14
0056,9bbykJu3
0057,fkD3qFge
0058,wrScb6dh
0059,gwk8r0qt
0060,nJulCX52
0061,ZO164H0d
0062,kWDN67sw
0063,oDTZWMgZ
0064,mCpTcArN
0065,yxpYTeRe
0066,nLX0Gl1P
0067,OlFldWUj
0068,n3Z8YQ1F
0069,0mTs7dRJ
0070,DeL6nXKl
0071,Y2ooU4FD
0072,Dv1PnLtk
0073,x4BPDZ9d
0074,HUPxato4
0075,JWZYLCxA
0076,5n1UG88l
0077,owQt75DF
0078,eL5F1ZsM
0079,X9aRTPtD
0080,d8HZrrWE
0081,jtrxs00E
0082,5vc1JgpH
0083,8Y4huNa7
0084,ByZpvgdD
0085,H2IXS7Vg
0086,ssdqfQr3
0087,t5JPy8kB
0088,5PSWcBcz
0089,UeWTmxk6
0090,UbllbJTt
0091,R8EWBS3A
0092,j3tkwLCt
0093,XMtjsN8k
0094,BRHRkTLn
0095,CPnwNYvE
0096,OX94YdSz
0097,4hoS4zZf
0098,PDcPvqiX
0099,nNwaEUrt
0100,8vYV47eL
0101,K4NvHZ6s
0102,kqXoeBDm
0103,0RhTgQJk
0104,kK226jzE
0105,Mvxjaqx6
0106,WRNPlJm9
0107,u6M6sbIw
0108,v4HerLrH
0109,JHv9HLIR
0110,ZagTK1kZ
0111,yz07cSdb
0112,MjPuLwn3
0113,wo7uIpiM
0114,ytMlpsFK
0115,vwwzZCS8
0116,SRMOAa32
0117,6L1zADB6
0118,GaWhky9u
0119,0dd1on0W
0120,YGHIL1jz
0121,ACxdHnjA
0122,pfhSarqT
0123,GeVB9eUK
0124,4wMZnxnW
0125,VLyaiVen
0126,BfOcs6ht
0127,HRVuKbC9
0128,5vnPDpPc
0129,buDjP13v
0130,ighGUTBX
0131,B6KUNJao
0132,doLRCwiB
0133,snoKKHAa
0134,mLAp7dky
0135,GTbAzkuf
0136,UtaJRFD4
0137,mQNDM9pv
0138,b9vobqak
0139,jZzkBwcs
0140,2I0x5g1L
0141,jjsd0A9m
0142,1atXRde4
0143,VRSLb1Lg
0144,O8qOBAwZ
0145,Z0J4RwbI
0146,1b04L9Hs
0147,Nuotto1F
0148,98jjJom6
0149,uodRuT6I
0150,WfrvdeX9
0151,6M4KDOYX
0152,OISHia3K
0153,iyPgo5Yc
0154,nthIAxhz
0155,kSgGtdgD
0156,ADQa1J8Z
0157,LM2Snc8q
0158,w2rnuFrG
0159,A7awnxvn
0160,ioceKafj
0161,iMmFS1wa
0162,V5NGbBM6
0163,5LSjNPSe
0164,LalvlLYV
0165,GkacoThm
0166,nxTAznD7
0167,Gty1UqnU
0168,wniplsBe
0169,UzwKyToL
0170,OGRcKlV5
0171,FPKDx5YK
0172,BaMjhgFD
0173,H5STLhGX
0174,4sbPeWAN
0175,qTZnx8h4
0176,5cfzrzcT
0177,YZsAJsCO
0178,AjRE7WZM
0179,BJYnFCcW
0180,cstoEsDB
0181,pPYbSfXW
0182,ss7lDWaw
0183,rpDckTHj
0184,mwhNKUuu
0185,MDwndemi
0186,06lcC1rl
0187,tkC70pdJ
0188,bkaUkVZC
0189,dZebNsiH
0190,eIVgYuaz
0191,OJXegEGN
0192,dhm6LXwH
0193,m9RdJxx3
0194,VzD386of
0195,YuCJlsO4
0196,7j1JDaqG
0197,twLU9sab
0198,ahJBGHs8
0199,R8QGDdFY